Country Name,Country Code,Indicator Name,Indicator Code,1960,1961,1962,1963,1964,1965,1966,1967,1968,1969,1970,1971,1972,1973,1974,1975,1976,1977,1978,1979,1980,1981,1982,1983,1984,1985,1986,1987,1988,1989,1990,1991,1992,1993,1994,1995,1996,1997,1998,1999,2000,2001,2002,2003,2004,2005,2006,2007,2008,2009,2010,2011,2012,2013,2014,2015,2016,2017,2018,2019,2020
Aruba,ABW,"International tourism, number of departures",ST.INT.DPRT,,,,,,,,,,,,,,,,,,,,,,,,,,,,,,,,,,,,,,,,,,,,,,,,,,,,,,,,,,,,,
Afghanistan,AFG,"International tourism, number of departures",ST.INT.DPRT,,,,,,,,,,,,,,,,,,,,,,,,,,,,,,,,,,,,,,,,,,,,,,,,,,,,,,,,,,,,,
Angola,AGO,"International tourism, number of departures",ST.INT.DPRT,,,,,,,,,,,,,,,,,,,,,,,,,,,,,,,,,,,,3000,3000,,,,,,,,,,,,,,,,,,,,,,,,
Albania,ALB,"International tourism, number of departures",ST.INT.DPRT,,,,,,,,,,,,,,,,,,,,,,,,,,,,,,,,,,,,,,,,,,955000,1303000,1350000,1694000,2097000,2616000,2979000,3716000,3404000,3443000,4120000,3959000,3928000,4146000,4504000,4852000,5186000,5415000,,
Andorra,AND,"International tourism, number of departures",ST.INT.DPRT,,,,,,,,,,,,,,,,,,,,,,,,,,,,,,,,,,,,,,,,,,,,,,,,,,,,,,,,,,,,,
Arab World,ARB,"International tourism, number of departures",ST.INT.DPRT,,,,,,,,,,,,,,,,,,,,,,,,,,,,,,,,,,,,,,,,,,,,,,,,,,,,,,,,,,,,,
United Arab Emirates,ARE,"International tourism, number of departures",ST.INT.DPRT,,,,,,,,,,,,,,,,,,,,,,,,,,,,,,,,,,,,,,,,,,,,,,,,,,,,,,,,,,,18904000,,
Argentina,ARG,"International tourism, number of departures",ST.INT.DPRT,,,,,,,,,,,,,,,,,,,,,,,,,,,,,,,,,,,,3815000,4296000,4517000,4592000,4786000,4953000,4762000,3008000,3088000,3904000,3894000,3892000,4167000,4614000,4981000,5307000,6686000,7266000,6746000,6517000,7807000,10417000,12213000,11130000,,
Armenia,ARM,"International tourism, number of departures",ST.INT.DPRT,,,,,,,,,,,,,,,,,,,,,,,,,,,,,,,,,,,,,,,,,111000,110000,131000,169000,221000,269000,329000,468000,516000,526000,563000,715000,965000,1083000,1198000,1187000,1263000,1482000,1623000,,
American Samoa,ASM,"International tourism, number of departures",ST.INT.DPRT,,,,,,,,,,,,,,,,,,,,,,,,,,,,,,,,,,,,,,,,,,,,,,,,,,,,,,,,,,,,,
Antigua and Barbuda,ATG,"International tourism, number of departures",ST.INT.DPRT,,,,,,,,,,,,,,,,,,,,,,,,,,,,,,,,,,,,,,,,,,,,,,,,,,,,,,,,,,,,,
Australia,AUS,"International tourism, number of departures",ST.INT.DPRT,,,,,,,,,,,,,,,,,,,,,,,,,,,,,,,,,,,,2519000,2732000,2933000,3161000,3210000,3498000,3443000,3461000,3388000,4369000,4756000,4941000,5462000,5808000,6276000,7103000,7788000,8212000,9052000,9480000,9810000,10390000,10932000,11403000,,
Austria,AUT,"International tourism, number of departures",ST.INT.DPRT,,,,,,,,,,,,,,,,,,,,,,,,,,,,,,,,,,,,,,,,,7528000,8350000,8266000,8384000,8371000,8206000,10042000,9876000,9677000,10121000,9882000,9874000,10960000,10671000,10994000,10628000,11534000,11491000,11883000,,
Azerbaijan,AZE,"International tourism, number of departures",ST.INT.DPRT,,,,,,,,,,,,,,,,,,,,,,,,,,,,,,,,,,,,,,,,,,,,,,887000,890000,791000,1048000,1145000,1820000,2308000,2829000,3307000,3319000,3256000,3592000,3447000,3919000,,
Burundi,BDI,"International tourism, number of departures",ST.INT.DPRT,,,,,,,,,,,,,,,,,,,,,,,,,,,,,,,,,,,,36000,35000,10000,16000,27000,28000,35000,,,,,,,,,,,,,,,,,,,
Belgium,BEL,"International tourism, number of departures",ST.INT.DPRT,,,,,,,,,,,,,,,,,,,,,,,,,,,,,,,,,,,,,5645000,7548000,7776000,6410000,7932000,6570000,6773000,7268000,8783000,9327000,7852000,8371000,8887000,8775000,8801000,9727000,9576000,10803000,10991000,10835000,13372000,12142000,13098000,,
Benin,BEN,"International tourism, number of departures",ST.INT.DPRT,,,,,,,,,,,,,,,,,,,,,,,,,,,,,,,,,,,,,,,,,,,,,,,,,,,,,,,,,,,,,
Burkina Faso,BFA,"International tourism, number of departures",ST.INT.DPRT,,,,,,,,,,,,,,,,,,,,,,,,,,,,,,,,,,,,,,,,,,,,,,,,,,,,,,,,,,,,,
Bangladesh,BGD,"International tourism, number of departures",ST.INT.DPRT,,,,,,,,,,,,,,,,,,,,,,,,,,,,,,,,,,,,830000,911000,866000,992000,1103000,1128000,1075000,1158000,1414000,1565000,1767000,1819000,2327000,875000,2254000,1913000,2127000,2273000,1460000,,,,,,,
Bulgaria,BGR,"International tourism, number of departures",ST.INT.DPRT,,,,,,,,,,,,,,,,,,,,,,,,,,,,,,,,,,,,3524000,3006000,3059000,2592000,2376000,2337000,2730000,3188000,3403000,3882000,4235000,4180000,4515000,5727000,4993000,3676000,3803000,3758000,3930000,4158000,4632000,5392000,6228000,6699000,,
Bahrain,BHR,"International tourism, number of departures",ST.INT.DPRT,,,,,,,,,,,,,,,,,,,,,,,,,,,,,,,,,,,,,,,,,,,,,,,,,,,,,,,,4741000,,3136000,2868000,,
"Bahamas, The",BHS,"International tourism, number of departures",ST.INT.DPRT,,,,,,,,,,,,,,,,,,,,,,,,,,,,,,,,,,,,,,,,,,,,,,,,,,,,,,,,,,,,,
Bosnia and Herzegovina,BIH,"International tourism, number of departures",ST.INT.DPRT,,,,,,,,,,,,,,,,,,,,,,,,,,,,,,,,,,,,,,,,,,,,,,,,,,,,,,,,,,,,,
Belarus,BLR,"International tourism, number of departures",ST.INT.DPRT,,,,,,,,,,,,,,,,,,,,,,,,,,,,,,,,,,,,626000,703000,969000,901000,934000,1289000,1387000,1436000,1108000,515000,572000,525000,517000,380000,316000,415000,320000,493000,708000,741000,671000,467000,706000,836000,,
Belize,BLZ,"International tourism, number of departures",ST.INT.DPRT,,,,,,,,,,,,,,,,,,,,,,,,,,,,,,,,,,,,,,,,,,,,,,,,,,,,,,,,,,,,,
Bermuda,BMU,"International tourism, number of departures",ST.INT.DPRT,,,,,,,,,,,,,,,,,,,,,,,,,,,,,,,,,,,,,,,,,,140000,145000,141000,156000,161000,170000,181000,192000,,,,,,,,,,,,
Bolivia,BOL,"International tourism, number of departures",ST.INT.DPRT,,,,,,,,,,,,,,,,,,,,,,,,,,,,,,,,,,,,249000,269000,285000,299000,253000,201000,222000,217000,304000,346000,386000,472000,526000,589000,518000,604000,775000,788000,837000,932000,965000,940000,997000,1060000,,
Brazil,BRA,"International tourism, number of departures",ST.INT.DPRT,,,,,,,,,,,,,,,,,,,,,,,,,,,,,,,,,,,,2600000,3797000,4014000,4171000,2863000,3228000,2674000,2338000,3229000,2968000,3364000,3886000,4662000,5238000,4920000,6457000,7807000,8497000,8866000,9617000,9478000,8872000,10610000,10628000,,
Barbados,BRB,"International tourism, number of departures",ST.INT.DPRT,,,,,,,,,,,,,,,,,,,,,,,,,,,,,,,,,,,,,,,,,,,,,,,,,,,,,,,,,,,,,
Brunei Darussalam,BRN,"International tourism, number of departures",ST.INT.DPRT,,,,,,,,,,,,,,,,,,,,,,,,,,,,,,,,,,,,,,,,,,,,,,,,,,,,,,,,,,,,,
Bhutan,BTN,"International tourism, number of departures",ST.INT.DPRT,,,,,,,,,,,,,,,,,,,,,,,,,,,,,,,,,,,,,,,,,,,,,,,,,,,,,,,,,,,,,
Botswana,BWA,"International tourism, number of departures",ST.INT.DPRT,,,,,,,,,,,,,,,,,,,,,,,,,,,,,,,,,,,,,,,,,,,,,,,,,,,,,,,,,,,,,
Central African Republic,CAF,"International tourism, number of departures",ST.INT.DPRT,,,,,,,,,,,,,,,,,,,,,,,,,,,,,,,,,,,,,,,,,,,5000,6000,7000,8000,11000,,,,38000,,,,,,,,,,
Canada,CAN,"International tourism, number of departures",ST.INT.DPRT,,,,,,,,,,,,,,,,,,,,,,,,,,,,,,,,,,,,18206000,18973000,19111000,17648000,18368000,19182000,18359000,17705000,17739000,19595000,21099000,22731000,25163000,27034000,26204000,28680000,30450000,32276000,32971000,33518000,32267000,31278000,33060000,26033000,,
Central Europe and the Baltics,CEB,"International tourism, number of departures",ST.INT.DPRT,,,,,,,,,,,,,,,,,,,,,,,,,,,,,,,,,,,,,,,,,,,,,,42399564.3595797,44138719.9418855,49295910.3723903,54911325.6022526,49518000,47106000,44650000,46603000,47881000,50383000,53462000,58043000,65877000,71717080.4586579,,
Switzerland,CHE,"International tourism, number of departures",ST.INT.DPRT,,,,,,,,,,,,,,,,,,,,,,,,,,,,,,,,,,,,11148000,12061000,12515000,11891000,11815000,12240000,11554000,11427000,8774000,,,,,11147000,10453000,10011000,10466000,12098000,12403000,12518000,13601000,13857000,15318000,15285000,,
Channel Islands,CHI,"International tourism, number of departures",ST.INT.DPRT,,,,,,,,,,,,,,,,,,,,,,,,,,,,,,,,,,,,,,,,,,,,,,,,,,,,,,,,,,,,,
Chile,CHL,"International tourism, number of departures",ST.INT.DPRT,,,,,,,,,,,,,,,,,,,,,,,,,,,,,,,,,,,,,,,,,1319000,1180000,1293000,1341000,1504000,1725000,1887000,2047000,1899500,1909300,2218700,2637600,2837100,2999000,3169000,3359000,3553000,3620000,3825000,,
China,CHN,"International tourism, number of departures",ST.INT.DPRT,,,,,,,,,,,,,,,,,,,,,,,,,,,,,,,,,,,,4520000,5061000,5324000,8426000,9232000,10473000,12133000,16602000,20222000,28853000,31026000,34524000,40954000,45844000,47656000,57386000,70250000,83182000,98185000,116593000,127860000,135130000,143035000,149720000,,
Cote d'Ivoire,CIV,"International tourism, number of departures",ST.INT.DPRT,,,,,,,,,,,,,,,,,,,,,,,,,,,,,,,,,,,,,,,,,,,,,,,,,,,,,,,,,,,,,
Cameroon,CMR,"International tourism, number of departures",ST.INT.DPRT,,,,,,,,,,,,,,,,,,,,,,,,,,,,,,,,,,,,,,,,,,,,,,,,,,,,,,,,,,,,,
"Congo, Dem. Rep.",COD,"International tourism, number of departures",ST.INT.DPRT,,,,,,,,,,,,,,,,,,,,,,,,,,,,,,,,,,,,,,,50000,50000,,,,,,,,,,,,,,,,356000,424000,,,,
"Congo, Rep.",COG,"International tourism, number of departures",ST.INT.DPRT,,,,,,,,,,,,,,,,,,,,,,,,,,,,,,,,,,,,,,,,,,,,,,,,,,,,,161000,180000,,,,,,,
Colombia,COL,"International tourism, number of departures",ST.INT.DPRT,,,,,,,,,,,,,,,,,,,,,,,,,,,,,,,,,,,,1057000,929000,1071000,1093000,1098000,1235000,1381000,1277000,1177000,1405000,1553000,,2028000,2042000,2122000,2342000,2522000,3169000,3605000,3911000,3862000,3795000,4017000,4368000,,
Comoros,COM,"International tourism, number of departures",ST.INT.DPRT,,,,,,,,,,,,,,,,,,,,,,,,,,,,,,,,,,,,,,,,,,,,,,,,,,,,,,,,,,,,,
Cabo Verde,CPV,"International tourism, number of departures",ST.INT.DPRT,,,,,,,,,,,,,,,,,,,,,,,,,,,,,,,,,,,,,,,,,,,,,,,,,,,,,,,,,,,,,
Costa Rica,CRI,"International tourism, number of departures",ST.INT.DPRT,,,,,,,,,,,,,,,,,,,,,,,,,,,,,,,,,,,,273000,283000,288000,330000,353000,381000,361000,364000,373000,425000,487000,485000,577000,528000,579000,662000,717000,773000,790000,798000,919000,1036000,1150000,1079000,,
Caribbean small states,CSS,"International tourism, number of departures",ST.INT.DPRT,,,,,,,,,,,,,,,,,,,,,,,,,,,,,,,,,,,,,,,,,,,,,,,,,,,,,,,,,,,,,
Cuba,CUB,"International tourism, number of departures",ST.INT.DPRT,,,,,,,,,,,,,,,,,,,,,,,,,,,,,,,,,,,,72000,72000,83000,94000,97000,139000,121000,111000,113000,124000,162000,199000,194000,202000,206000,251000,253000,213000,286000,355000,580000,894000,,,,
Curacao,CUW,"International tourism, number of departures",ST.INT.DPRT,,,,,,,,,,,,,,,,,,,,,,,,,,,,,,,,,,,,,,,,,,,,,,,,,,,,,,,,,,,,,
Cayman Islands,CYM,"International tourism, number of departures",ST.INT.DPRT,,,,,,,,,,,,,,,,,,,,,,,,,,,,,,,,,,,,,,,,,,,,,,,,,,,,,,,,,,,,,
Cyprus,CYP,"International tourism, number of departures",ST.INT.DPRT,,,,,,,,,,,,,,,,,,,,,,,,,,,,,,,,,,,,360000,365000,422000,484000,540000,588000,684000,744000,737000,859000,914000,932000,1081000,1210000,1172000,1246000,1209000,1194000,1115000,1209000,1119000,1268000,1407000,1446000,,
Czech Republic,CZE,"International tourism, number of departures",ST.INT.DPRT,,,,,,,,,,,,,,,,,,,,,,,,,,,,,,,,,,,,,,,,,,,,7213000,6643000,6963000,6393000,9048000,9665000,8904000,8673000,5279000,5419000,5781000,5651000,5856000,6027000,6775000,7390000,,
Germany,DEU,"International tourism, number of departures",ST.INT.DPRT,,,,,,,,,,,,,,,,,,,,,,,,,,,,,,,,,,,,,,55800000,69200000,78100000,80507000,81551000,80393000,85345000,84859000,86622000,81801000,82099000,86201000,85547000,85872000,84692000,82729000,87459000,83008000,83737000,90966000,92402000,108542000,,
Djibouti,DJI,"International tourism, number of departures",ST.INT.DPRT,,,,,,,,,,,,,,,,,,,,,,,,,,,,,,,,,,,,,,,,,,,,,,,,,,,,,,,,,,,,,
Dominica,DMA,"International tourism, number of departures",ST.INT.DPRT,,,,,,,,,,,,,,,,,,,,,,,,,,,,,,,,,,,,,,,,,,,,,,,,,,,,,,,,,,,,,
Denmark,DNK,"International tourism, number of departures",ST.INT.DPRT,,,,,,,,,,,,,,,,,,,,,,,,,,,,,,,,,,,,,5035000,4693000,4788000,4744000,5011000,4946000,4935000,5564000,4630000,5469000,6129000,6564000,6347000,7037000,7726000,7846000,7843000,6977000,8528000,8991000,9651000,8087000,7475000,,
Dominican Republic,DOM,"International tourism, number of departures",ST.INT.DPRT,,,,,,,,,,,,,,,,,,,,,,,,,,,,,,,,,,,,168000,358000,355000,354000,363000,360000,331000,332000,321000,368000,419000,420000,443000,413000,415000,401000,408000,418000,392000,427000,478000,500000,522000,514000,,
Algeria,DZA,"International tourism, number of departures",ST.INT.DPRT,,,,,,,,,,,,,,,,,,,,,,,,,,,,,,,,,,,,1090000,874000,827000,879000,903000,1006000,1190000,1257000,1254000,1417000,1513000,1349000,1499000,1539000,1677000,1757000,1715000,1911000,2136000,2839000,3638000,4530000,5058000,5610000,,
East Asia & Pacific (excluding high income),EAP,"International tourism, number of departures",ST.INT.DPRT,,,,,,,,,,,,,,,,,,,,,,,,,,,,,,,,,,,,18978033.4116004,21473003.2132299,23276468.4010533,24734175.9591835,25681274.92045,29541451.7770852,34485593.9107564,34050330.5500065,37797592.4287018,43145063.2696132,46844045.8468043,53146996.2692789,62030759.5380185,67956647.6549734,69671105.7569529,84147146.8392448,100206548.295079,117050893.93357,136747229.89302,159718821.5268,175039221.734998,186148698.395141,197464207.576886,207838079.886313,,
Early-demographic dividend,EAR,"International tourism, number of departures",ST.INT.DPRT,,,,,,,,,,,,,,,,,,,,,,,,,,,,,,,,,,,,,,,,,73895235.0924464,75951524.3896707,74585806.7237312,71646416.5269574,80990634.5564256,88664455.4902036,90749745.5320945,97078040.5412668,99041395.1349777,103028196.136664,128036406.436745,130375243.605835,140930145.233699,152426304.206898,162887507.393056,176496074.963217,190765900.280721,200585423.714705,201926668.189624,,
East Asia & Pacific,EAS,"International tourism, number of departures",ST.INT.DPRT,,,,,,,,,,,,,,,,,,,,,,,,,,,,,,,,,,,,,,,111029513.515529,120207382.734714,135134367.291719,143222409.066174,147230259.356934,144940043.624985,168940181.025262,179444037.892673,192471295.525319,209702886.266301,214634066.601668,213311310.795492,244826606.308854,263374393.64643,285484499.92911,306724570.77749,331757717.924814,357381671.573594,378524425.877433,397445243.8793,415030422.125314,,
Europe & Central Asia (excluding high income),ECA,"International tourism, number of departures",ST.INT.DPRT,,,,,,,,,,,,,,,,,,,,,,,,,,,,,,,,,,,,46130914.040679,33690159.2792604,37775894.2038884,34674478.3191174,36484218.9231548,53414389.5802061,56201195.5744273,60374283.3846789,61656178.4753328,71474949.3824697,78896813.4806683,82232651.4455187,87102974.8742003,90331348.4273908,88561253.9477052,96940728.2959772,110959136.377965,120482864.94738,135988014.988116,126071342.621766,114469044.023196,113853031.889799,130742009.544546,139742963.532522,,
Europe & Central Asia,ECS,"International tourism, number of departures",ST.INT.DPRT,,,,,,,,,,,,,,,,,,,,,,,,,,,,,,,,,,,,,,280044601.550301,301805695.152606,310916317.618192,347216125.204383,351193192.836373,363283786.658706,372849328.613506,390454222.205168,419344713.186025,417532870.070132,444010784.271652,458434316.351313,449150235.093786,461901843.776923,479973534.50038,492712896.899849,512944929.767985,511096616.806892,515940371.136427,542882712.208304,583015436.397081,618355680.365592,,
Ecuador,ECU,"International tourism, number of departures",ST.INT.DPRT,,,,,,,,,,,,,,,,,,,,,,,,,,,,,,,,,,,,271000,275000,321000,330000,386000,520000,562000,627000,613000,603000,664000,733000,801000,815000,814000,899000,1022000,1022000,1138000,1096000,1221000,1366000,1347000,1402000,,
"Egypt, Arab Rep.",EGY,"International tourism, number of departures",ST.INT.DPRT,,,,,,,,,,,,,,,,,,,,,,,,,,,,,,,,,,,,,,,,,,,,,,,,,,4716000,4618000,4863000,5678000,5782000,6180000,,,,,,
Euro area,EMU,"International tourism, number of departures",ST.INT.DPRT,,,,,,,,,,,,,,,,,,,,,,,,,,,,,,,,,,,,,,143481790.583251,162155177.759433,169388008.260611,181983321.045835,182851307.782088,186781475.880339,194666039.861956,198898807.556807,211023617.866693,207757008.24893,219576937.395573,223723333.819306,223397802.333304,225326466.96377,229408875.929971,227005272.471874,229732709.63672,231120029.067447,235234785.66302,250943715.518787,265399748.166775,288060184.169988,,
Eritrea,ERI,"International tourism, number of departures",ST.INT.DPRT,,,,,,,,,,,,,,,,,,,,,,,,,,,,,,,,,,,,,,,,,,,,,,,,,,,,,,,,,,,,,
Spain,ESP,"International tourism, number of departures",ST.INT.DPRT,,,,,,,,,,,,,,,,,,,,,,,,,,,,,,,,,,,,3648000,4224000,3980000,4794000,3519000,4100000,4139000,3871000,4094000,5121000,10464000,10678000,11276000,11229000,12017000,12379000,13347000,12422000,11246000,11783000,14407000,15405000,17031000,19116000,,
Estonia,EST,"International tourism, number of departures",ST.INT.DPRT,,,,,,,,,,,,,,,,,,,,,,,,,,,,,,,,,,,,1764000,1547000,1616000,1659000,1780000,1800000,1658000,1849000,2075000,,,438000,677000,692000,752000,955000,1054000,1147000,1166000,1426000,1250000,1339000,1279000,2069000,,
Ethiopia,ETH,"International tourism, number of departures",ST.INT.DPRT,,,,,,,,,,,,,,,,,,,,,,,,,,,,,,,,,,,,120000,133000,,,,,,,,,,,,,,,,,,,,,,,,
European Union,EUU,"International tourism, number of departures",ST.INT.DPRT,,,,,,,,,,,,,,,,,,,,,,,,,,,,,,,,,,,,,,184642647.045516,205850112.775054,211487799.156686,225063703.926789,227084932.650446,233578959.704821,243685103.323104,248964284.680576,265512837.25768,260992674.917073,277980476.024852,287821285.336341,281945846.442623,283313590.541377,286071618.342012,287321541.788065,291336645.305267,296408110.970045,304161612.12797,325816565.368932,346751342.412659,374465067.335391,,
Fragile and conflict affected situations,FCS,"International tourism, number of departures",ST.INT.DPRT,,,,,,,,,,,,,,,,,,,,,,,,,,,,,,,,,,,,,,,,,,,,,,,,,,,,,,,,,,,,,
Finland,FIN,"International tourism, number of departures",ST.INT.DPRT,,,,,,,,,,,,,,,,,,,,,,,,,,,,,,,,,,,,5147000,4918000,5233000,4743000,5314000,5914000,5824000,5857000,5585000,5798000,5902000,5756000,5749000,5854000,5832000,6633000,7274000,9055000,8562000,8731000,8904000,9125000,9330000,9450000,,
Fiji,FJI,"International tourism, number of departures",ST.INT.DPRT,,,,,,,,,,,,,,,,,,,,,,,,,,,,,,,,,,,,68000,72000,74000,78000,89000,83000,85000,99000,104000,94000,109000,121000,120000,124000,125000,128000,132000,132000,,,,156000,169000,174000,,
France,FRA,"International tourism, number of departures",ST.INT.DPRT,,,,,,,,,,,,,,,,,,,,,,,,,,,,,,,,,,,,18686000,18151000,17115000,18077000,16709000,19886000,19265000,18315000,18576000,21131000,22480000,22240000,28103000,25506000,25140000,25041000,26155000,25317000,26062000,27919000,26648000,26483000,29055000,26914000,,
Faroe Islands,FRO,"International tourism, number of departures",ST.INT.DPRT,,,,,,,,,,,,,,,,,,,,,,,,,,,,,,,,,,,,,,,,,,,,,,,,,,,,,,,,,,,,,
"Micronesia, Fed. Sts.",FSM,"International tourism, number of departures",ST.INT.DPRT,,,,,,,,,,,,,,,,,,,,,,,,,,,,,,,,,,,,,,,,,,,,,,,,,,,,,,,,,,,,,
Gabon,GAB,"International tourism, number of departures",ST.INT.DPRT,,,,,,,,,,,,,,,,,,,,,,,,,,,,,,,,,,,,,,,203000,187000,168000,189000,219000,236000,,,,,,,,,,,,,,,,,
United Kingdom,GBR,"International tourism, number of departures",ST.INT.DPRT,,,,,,,,,,,,,,,,,,,,,,,,,,,,,,,,,,,,,,,,,,,,,,,,,,,53759000,54946000,54604000,56088000,58364000,64165000,69375000,71356000,70386000,,
Georgia,GEO,"International tourism, number of departures",ST.INT.DPRT,,,,,,,,,,,,,,,,,,,,,,,,,,,,,,,,,,,,228000,219000,355000,433000,373000,315000,306000,317000,,466000,857000,1346000,1473000,1872000,1980000,2086000,2237000,2734000,3220000,3106000,3136000,3400000,3851000,3698000,,
Ghana,GHA,"International tourism, number of departures",ST.INT.DPRT,,,,,,,,,,,,,,,,,,,,,,,,,,,,,,,,,,,,,,,,,,,,,,,,,,,,,,,,,,,,,
Gibraltar,GIB,"International tourism, number of departures",ST.INT.DPRT,,,,,,,,,,,,,,,,,,,,,,,,,,,,,,,,,,,,,,,,,,,,,,,,,,,,,,,,,,,,,
Guinea,GIN,"International tourism, number of departures",ST.INT.DPRT,,,,,,,,,,,,,,,,,,,,,,,,,,,,,,,,,,,,,,,,,,,,,,,,,,,,,,,,,,,,,
"Gambia, The",GMB,"International tourism, number of departures",ST.INT.DPRT,,,,,,,,,,,,,,,,,,,,,,,,,,,,,,,,,,,,,,,,,,,,,,387000,307000,,,,,,,,,,,,,,
Guinea-Bissau,GNB,"International tourism, number of departures",ST.INT.DPRT,,,,,,,,,,,,,,,,,,,,,,,,,,,,,,,,,,,,,,,,,,,,,,,,,,,,,,,,,,,,,
Equatorial Guinea,GNQ,"International tourism, number of departures",ST.INT.DPRT,,,,,,,,,,,,,,,,,,,,,,,,,,,,,,,,,,,,,,,,,,,,,,,,,,,,,,,,,,,,,
Greece,GRC,"International tourism, number of departures",ST.INT.DPRT,,,,,,,,,,,,,,,,,,,,,,,,,,,,,,,,,,,,,,,,,,,,,,,,,3765000,3835000,3799000,4941000,4681000,4594000,5802000,6291000,7235000,7685000,7961000,,
Grenada,GRD,"International tourism, number of departures",ST.INT.DPRT,,,,,,,,,,,,,,,,,,,,,,,,,,,,,,,,,,,,,,,,,,,,,,,,,,,,,,,,,,,,,
Greenland,GRL,"International tourism, number of departures",ST.INT.DPRT,,,,,,,,,,,,,,,,,,,,,,,,,,,,,,,,,,,,,,,,,,,,,,,,,,,,,,,,,,,,,
Guatemala,GTM,"International tourism, number of departures",ST.INT.DPRT,,,,,,,,,,,,,,,,,,,,,,,,,,,,,,,,,,,,,,,,,,,,,,,,,,562000,585000,596000,580000,686000,840000,939000,1053000,1067000,1227000,,
Guam,GUM,"International tourism, number of departures",ST.INT.DPRT,,,,,,,,,,,,,,,,,,,,,,,,,,,,,,,,,,,,,,,,,,,,,,,,,,,,,,,,,,,,,
Guyana,GUY,"International tourism, number of departures",ST.INT.DPRT,,,,,,,,,,,,,,,,,,,,,,,,,,,,,,,,,,,,,,,,,,,,,,,,,,,,,,,,,,,,,
High income,HIC,"International tourism, number of departures",ST.INT.DPRT,,,,,,,,,,,,,,,,,,,,,,,,,,,,,,,,,,,,,,,431821186.483298,451593109.855973,485822244.30944,484642977.908943,494628309.632803,485108122.168872,521671211.101725,552361275.954803,555124612.977917,589405639.639957,599617736.471199,588362574.189567,618388673.127031,624686582.98036,641183873.547652,651874847.066269,670935986.273683,701469335.336315,742800519.062842,784318351.630026,814281149.553149,,
"Hong Kong SAR, China",HKG,"International tourism, number of departures",ST.INT.DPRT,,,,,,,,,,,,,,,,,,,,,,,,,,,,,,,,,,,,,,,47594000,53144000,58901000,61096000,64540000,60936000,68903000,72300000,75812000,80682000,81911000,81958000,84442000,84816000,85276000,84414000,84519000,89082000,91758000,91304000,92214000,,
Honduras,HND,"International tourism, number of departures",ST.INT.DPRT,,,,,,,,,,,,,,,,,,,,,,,,,,,,,,,,,,,,149000,162000,183000,202000,235000,274000,279000,279000,277000,295000,284000,295000,315000,387000,395000,408000,449000,464000,471000,557000,692000,654000,,,,
Heavily indebted poor countries (HIPC),HPC,"International tourism, number of departures",ST.INT.DPRT,,,,,,,,,,,,,,,,,,,,,,,,,,,,,,,,,,,,,,,,,,,,,,,,,,,,,,,,,,,,,
Croatia,HRV,"International tourism, number of departures",ST.INT.DPRT,,,,,,,,,,,,,,,,,,,,,,,,,,,,,,,,,,,,,,,,,,,,,,,,,2357000,2497000,1873000,2880000,2680000,2927000,2763000,2578000,1615000,1923000,2058000,,
Haiti,HTI,"International tourism, number of departures",ST.INT.DPRT,,,,,,,,,,,,,,,,,,,,,,,,,,,,,,,,,,,,,,,,,,,,,,,,,,,,,,,,,,,,,
Hungary,HUN,"International tourism, number of departures",ST.INT.DPRT,,,,,,,,,,,,,,,,,,,,,,,,,,,,,,,,,,,,,,,,,,,,,,6994000,6007000,5734000,6155000,5672000,5297000,5335000,4881000,4912000,5587000,6382000,7091000,7539000,8649000,,
IBRD only,IBD,"International tourism, number of departures",ST.INT.DPRT,,,,,,,,,,,,,,,,,,,,,,,,,,,,,,,,,,,,100081437.48614,96073767.5015602,103615118.767163,105831085.260078,108561120.232714,130497492.389644,141550652.70702,141616093.170514,150200725.772815,170726759.632049,186480857.701954,202537982.489665,224279277.063565,239860631.631906,235779012.611987,264977618.599134,298107647.207342,331703540.524378,369159661.513161,388521193.845806,400963843.278597,423266460.768477,462033928.17529,478800781.39825,,
IDA & IBRD total,IBT,"International tourism, number of departures",ST.INT.DPRT,,,,,,,,,,,,,,,,,,,,,,,,,,,,,,,,,,,,128790473.696306,123939447.791101,133944659.297751,137363366.160919,141999833.878841,170291072.358439,183592467.135263,183765096.254301,195699665.82359,222443184.194077,243155537.48099,262788728.443865,291257191.32952,310057694.097749,306347845.563681,342163628.49299,386799721.806052,430514118.243182,481084012.720935,506303613.398898,522601923.098365,551072829.322647,600065114.921673,625518081.919404,,
IDA total,IDA,"International tourism, number of departures",ST.INT.DPRT,,,,,,,,,,,,,,,,,,,,,,,,,,,,,,,,,,,,,,,,,,,,,,,,,,,,,,,,,,,,,
IDA blend,IDB,"International tourism, number of departures",ST.INT.DPRT,,,,,,,,,,,,,,,,,,,,,,,,,,,,,,,,,,,,,,,,,,,,,,,,,,,,,,,,,,,,,
Indonesia,IDN,"International tourism, number of departures",ST.INT.DPRT,,,,,,,,,,,,,,,,,,,,,,,,,,,,,,,,,,,,,,,,,2205000,2505000,3231000,3478000,3941000,4106000,4967000,5158000,5486000,5053000,6235000,6750000,7454000,8025000,8074000,8176000,8340000,8856000,9468000,,
IDA only,IDX,"International tourism, number of departures",ST.INT.DPRT,,,,,,,,,,,,,,,,,,,,,,,,,,,,,,,,,,,,,,,,,,,,,,,,,,,,,,,,,,,,,
Isle of Man,IMN,"International tourism, number of departures",ST.INT.DPRT,,,,,,,,,,,,,,,,,,,,,,,,,,,,,,,,,,,,,,,,,,,,,,,,,,,,,,,,,,,,,
India,IND,"International tourism, number of departures",ST.INT.DPRT,,,,,,,,,,,,,,,,,,,,,,,,,,,,,,,,,,,,3056000,3464000,3726000,3811000,4115000,4416000,4564000,4940000,5351000,6213000,7185000,8340000,9783000,10868000,11067000,12988000,13994000,14920000,16626000,18330000,20376000,21872000,23943000,26296000,,
Not classified,INX,"International tourism, number of departures",ST.INT.DPRT,,,,,,,,,,,,,,,,,,,,,,,,,,,,,,,,,,,,,,,,,,,,,,,,,,,,,,,,,,,,,
Ireland,IRL,"International tourism, number of departures",ST.INT.DPRT,,,,,,,,,,,,,,,,,,,,,,,,,,,,,,,,,,,,2547000,2733000,3053000,3330000,3576000,3783000,4216000,4634000,4929000,5409000,6113000,6848000,7713000,7877000,7047000,6917000,6514000,6600000,6579000,6676000,7094000,7646000,8171000,8643000,,
"Iran, Islamic Rep.",IRN,"International tourism, number of departures",ST.INT.DPRT,,,,,,,,,,,,,,,,,,,,,,,,,,,,,,,,,,,,,,,,,,,,,,,,,,,,,,,7698000,6620000,9007000,10543000,7243000,,
Iraq,IRQ,"International tourism, number of departures",ST.INT.DPRT,,,,,,,,,,,,,,,,,,,,,,,,,,,,,,,,,,,,,,,,,,,,,,,,,,,,,,,,,,,,,
Iceland,ISL,"International tourism, number of departures",ST.INT.DPRT,,,,,,,,,,,,,,,,,,,,,,,,,,,,,,,,,,,,166000,190000,203000,227000,257000,283000,,,,,364000,440000,460000,414000,259000,299000,341000,358000,365000,400000,450000,536000,619000,668000,,
Israel,ISR,"International tourism, number of departures",ST.INT.DPRT,,,,,,,,,,,,,,,,,,,,,,,,,,,,,,,,,,,,2259000,2505000,2707000,2983000,3203000,3530000,3561000,3273000,3299000,3614000,3687000,3713000,4147000,4207000,4007000,4269000,4387000,4349000,4757000,5181000,5891000,6781000,7597000,8473000,,
Italy,ITA,"International tourism, number of departures",ST.INT.DPRT,,,,,,,,,,,,,,,,,,,,,,,,,,,,,,,,,,,,,18173000,17254000,17698000,17361000,20080000,20567000,22978000,24572000,21557000,23147000,24022000,25789000,26464000,27490000,28188000,27831000,27376000,26305000,26862000,27494000,29067000,31805000,33347100,,
Jamaica,JAM,"International tourism, number of departures",ST.INT.DPRT,,,,,,,,,,,,,,,,,,,,,,,,,,,,,,,,,,,,,,,,,,,,,,,,,,,,,,,,,,,,,
Jordan,JOR,"International tourism, number of departures",ST.INT.DPRT,,,,,,,,,,,,,,,,,,,,,,,,,,,,,,,,,,,,1128000,1141000,1233000,1347000,1561000,1625000,1755000,1276000,1229000,1420000,1523000,2139000,2094000,1972000,2054000,2708000,1931000,1567000,1498000,1230000,,1511000,1592000,1501000,,
Japan,JPN,"International tourism, number of departures",ST.INT.DPRT,,,,,,,,,,,,,,,,,,,,,,,,,,,,,,,,,,,,15298000,16695000,16803000,15806000,16358000,17819000,16216000,16523000,13296000,16831000,17404000,17535000,17295000,15987000,15446000,16637000,16994000,18491000,17473000,16903000,16214000,17116000,17889000,18954000,,
Kazakhstan,KAZ,"International tourism, number of departures",ST.INT.DPRT,,,,,,,,,,,,,,,,,,,,,,,,,,,,,,,,,,,,,523000,419000,502000,398000,1247000,2294000,2274000,2374000,3915000,2975000,3615000,4449000,4239000,5309000,5893000,7852000,8875000,9931000,10230000,,,,,,
Kenya,KEN,"International tourism, number of departures",ST.INT.DPRT,,,,,,,,,,,,,,,,,,,,,,,,,,,,,,,,,,,,,,,,,,,,,,,,,,,,,,,,,,,,,
Kyrgyz Republic,KGZ,"International tourism, number of departures",ST.INT.DPRT,,,,,,,,,,,,,,,,,,,,,,,,,,,,,,,,,,,,,,,,,,,,,,,,,2273000,2354000,1342000,3061000,3621000,3993000,3790000,4008000,4185000,4446000,6839000,,
Cambodia,KHM,"International tourism, number of departures",ST.INT.DPRT,,,,,,,,,,,,,,,,,,,,,,,,,,,,,,,,,,,,31000,38000,45000,41000,49000,41000,37000,45000,60000,239000,568000,787000,996000,786000,340000,505000,710000,792000,872000,956000,1194000,1434000,1752000,1995000,,
Kiribati,KIR,"International tourism, number of departures",ST.INT.DPRT,,,,,,,,,,,,,,,,,,,,,,,,,,,,,,,,,,,,,,,,,,,,,,,,,,,,,,,,,,,,,
St. Kitts and Nevis,KNA,"International tourism, number of departures",ST.INT.DPRT,,,,,,,,,,,,,,,,,,,,,,,,,,,,,,,,,,,,,,,,,,,,,,,,,,,,,,,,,,,,,
"Korea, Rep.",KOR,"International tourism, number of departures",ST.INT.DPRT,,,,,,,,,,,,,,,,,,,,,,,,,,,,,,,,,,,,3819000,4649000,4542000,3067000,4342000,5508000,6084000,7123000,7086000,8826000,10080000,11610000,13325000,11996000,9494000,12488000,12694000,13737000,14846000,16081000,19310000,22383000,26496000,28696000,,
Kuwait,KWT,"International tourism, number of departures",ST.INT.DPRT,,,,,,,,,,,,,,,,,,,,,,,,,,,,,,,,,,,,878000,1051000,1097000,1264000,1209000,1236000,1666000,1725000,1774000,1928000,2173000,2529000,2649000,,,,,,,,,,,,,
Latin America & Caribbean (excluding high income),LAC,"International tourism, number of departures",ST.INT.DPRT,,,,,,,,,,,,,,,,,,,,,,,,,,,,,,,,,,,,20306561.9056025,22824929.3397209,23472047.309944,24948554.8120032,24575383.4491745,26655867.7234419,27412995.748603,25115726.9543108,25365945.9027971,28315725.3170643,30580638.2128453,32312715.7027561,35894396.3620644,36695122.4590143,36168808.5184488,39006094.6577663,43430905.6272608,46550859.3479786,47864956.3412391,51218983.5888814,55295764.182817,59469048.7746952,62095568.5421398,62036469.8162609,,
Lao PDR,LAO,"International tourism, number of departures",ST.INT.DPRT,,,,,,,,,,,,,,,,,,,,,,,,,,,,,,,,,,,,,,,,,,,,,,,,,,,1686000,1788000,2052000,2857000,3320000,3067000,3059000,3049000,3207000,,
Lebanon,LBN,"International tourism, number of departures",ST.INT.DPRT,,,,,,,,,,,,,,,,,,,,,,,,,,,,,,,,,,,,,,,,,,,,,,,,,,,,,,,,,,,,,
Liberia,LBR,"International tourism, number of departures",ST.INT.DPRT,,,,,,,,,,,,,,,,,,,,,,,,,,,,,,,,,,,,,,,,,,,,,,,,,,,,,,,,,,,,,
Libya,LBY,"International tourism, number of departures",ST.INT.DPRT,,,,,,,,,,,,,,,,,,,,,,,,,,,,,,,,,,,,484000,493000,650000,,,,,,,,,,,,,,,,,,,,,,,
St. Lucia,LCA,"International tourism, number of departures",ST.INT.DPRT,,,,,,,,,,,,,,,,,,,,,,,,,,,,,,,,,,,,,,,,,,,,,,,,,,,,,,,,,,,,,
Latin America & Caribbean,LCN,"International tourism, number of departures",ST.INT.DPRT,,,,,,,,,,,,,,,,,,,,,,,,,,,,,,,,,,,,23689091.4943206,26313128.1514849,27098960.6452035,28782812.7643859,28408876.7487517,30618291.3777127,31143157.7439618,28837223.1079771,29181700.6195733,32539541.3477509,35243200.8078499,37234825.7118202,40942980.6371077,41749715.0477814,40921804.5306583,44220054.8699896,49593031.3915604,53211794.5196494,55329001.6263537,59206936.1868485,63169894.9810226,67141148.8223849,70095338.1250517,70174053.937966,,
Least developed countries: UN classification,LDC,"International tourism, number of departures",ST.INT.DPRT,,,,,,,,,,,,,,,,,,,,,,,,,,,,,,,,,,,,,,,,,,,,,,,,,,,,,,,,,,,,,
Low income,LIC,"International tourism, number of departures",ST.INT.DPRT,,,,,,,,,,,,,,,,,,,,,,,,,,,,,,,,,,,,,,,,,,,,,,,,,,,,,,,,,,,,,
Liechtenstein,LIE,"International tourism, number of departures",ST.INT.DPRT,,,,,,,,,,,,,,,,,,,,,,,,,,,,,,,,,,,,,,,,,,,,,,,,,,,,,,,,,,,,,
Sri Lanka,LKA,"International tourism, number of departures",ST.INT.DPRT,,,,,,,,,,,,,,,,,,,,,,,,,,,,,,,,,,,,504000,494000,531000,518000,497000,524000,505000,533000,561000,680000,727000,757000,862000,966000,963000,1122000,1239000,1269000,1262000,1311000,1356000,1448000,1439000,1476000,,
Lower middle income,LMC,"International tourism, number of departures",ST.INT.DPRT,,,,,,,,,,,,,,,,,,,,,,,,,,,,,,,,,,,,31259618.5421349,30660648.5216094,37241325.0029057,34961565.4865306,35565649.2293489,47217355.3429227,50953519.5855733,52459377.1126255,54525255.2378572,59379507.0138757,65446880.9191717,69718172.6841785,77496618.1768102,76576568.5667787,75567351.7395168,78811187.8619459,89171567.481444,97448275.4523829,108204761.14178,110935670.386279,120843900.289335,129077625.757235,137277639.230069,150489272.989029,,
Low & middle income,LMY,"International tourism, number of departures",ST.INT.DPRT,,,,,,,,,,,,,,,,,,,,,,,,,,,,,,,,,,,,114497446.23221,109891097.493774,118741403.119391,121083074.353937,126051722.558636,152954144.377351,165986463.515407,166752733.356549,177276447.752017,202011271.616547,221386508.938197,236862015.535154,262803065.655105,277748405.018733,277414533.003958,313158294.232253,356648704.202412,395854145.382801,444297096.638342,467751030.122281,482936180.99612,509090957.327014,551402287.152305,574143266.75359,,
Lesotho,LSO,"International tourism, number of departures",ST.INT.DPRT,,,,,,,,,,,,,,,,,,,,,,,,,,,,,,,,,,,,,,,,,,,,,,,,,,,,,,,,,,,,,
Late-demographic dividend,LTE,"International tourism, number of departures",ST.INT.DPRT,,,,,,,,,,,,,,,,,,,,,,,,,,,,,,,,,,,,65159012.5900726,60396069.7408949,63477358.5192152,66908567.0878214,68813658.7971369,81470304.156051,89350800.5066059,90161619.5017221,98173718.6009325,112441340.120908,123723751.0872,136485673.634847,157884346.397527,172343805.157724,166623556.481858,186071464.051549,213474385.665456,241299061.527667,269237388.230857,284650615.349121,288327133.009794,301131343.198137,331319036.240809,350106877.241868,,
Lithuania,LTU,"International tourism, number of departures",ST.INT.DPRT,,,,,,,,,,,,,,,,,,,,,,,,,,,,,,,,,,,,1925000,2864000,2981000,3241000,3487000,3632000,3390000,3584000,3502000,,1633000,1789000,1661000,1757000,1288000,1411000,1526000,1708000,1764000,1789000,1860000,1953000,2032000,2244000,,
Luxembourg,LUX,"International tourism, number of departures",ST.INT.DPRT,,,,,,,,,,,,,,,,,,,,,,,,,,,,,,,,,,,,,,694000,757000,809000,950000,923000,1049000,1021000,1100000,1185000,1084000,1132000,1190000,1362000,1237000,1643000,1580000,1624000,1815000,1702000,1588000,1802000,1989000,,
Latvia,LVA,"International tourism, number of departures",ST.INT.DPRT,,,,,,,,,,,,,,,,,,,,,,,,,,,,,,,,,,,,,,,,,,,,,,,,,,1573000,1650000,1530000,1398000,1246000,1362000,1242000,1250000,1265000,1368000,,
"Macao SAR, China",MAC,"International tourism, number of departures",ST.INT.DPRT,,,,,,,,,,,,,,,,,,,,,,,,,,,,,,,,,,,,,,,,,,,,,,629000,645000,599000,606000,671000,753000,908000,1291000,1446000,1537000,1466000,1251000,1391000,1579000,,
St. Martin (French part),MAF,"International tourism, number of departures",ST.INT.DPRT,,,,,,,,,,,,,,,,,,,,,,,,,,,,,,,,,,,,,,,,,,,,,,,,,,,,,,,,,,,,,
Morocco,MAR,"International tourism, number of departures",ST.INT.DPRT,,,,,,,,,,,,,,,,,,,,,,,,,,,,,,,,,,,,1317000,1212000,1203000,1275000,1545000,1508000,1701000,1533000,1612000,1603000,2247000,2135000,2669000,3421000,2293000,2175000,2378000,2323000,2195000,1850000,1910000,1864000,1849000,1923000,,
Monaco,MCO,"International tourism, number of departures",ST.INT.DPRT,,,,,,,,,,,,,,,,,,,,,,,,,,,,,,,,,,,,,,,,,,,,,,,,,,,,,,,,,,,,,
Moldova,MDA,"International tourism, number of departures",ST.INT.DPRT,,,,,,,,,,,,,,,,,,,,,,,,,,,,,,,,,,,,,,,,,,,,,,,,,,93300,117200,136100,146800,157600,180600,189800,177000,229000,264000,,
Madagascar,MDG,"International tourism, number of departures",ST.INT.DPRT,,,,,,,,,,,,,,,,,,,,,,,,,,,,,,,,,,,,39000,,,,,,,,,,,,,,,,,,,,,,,,,
Maldives,MDV,"International tourism, number of departures",ST.INT.DPRT,,,,,,,,,,,,,,,,,,,,,,,,,,,,,,,,,,,,32000,32000,33000,37000,42000,42000,41000,43000,44000,61000,77000,74000,102000,123000,,,,,,,,,,,,
Middle East & North Africa,MEA,"International tourism, number of departures",ST.INT.DPRT,,,,,,,,,,,,,,,,,,,,,,,,,,,,,,,,,,,,,,,,,,,,,,,,,,,,,,,,,,,,,
Mexico,MEX,"International tourism, number of departures",ST.INT.DPRT,,,,,,,,,,,,,,,,,,,,,,,,,,,,,,,,,,,,8450000,9001000,8910000,9637000,10352000,11079000,12075000,11948000,11044000,12494000,13305000,14002000,15257000,14527000,14104000,14334000,14799000,15581000,15911000,18261000,19603000,20223000,19067000,19748000,,
Marshall Islands,MHL,"International tourism, number of departures",ST.INT.DPRT,,,,,,,,,,,,,,,,,,,,,,,,,,,,,,,,,,,,,,,,,,,,,,,,,,,,,,,,,,,,,
Middle income,MIC,"International tourism, number of departures",ST.INT.DPRT,,,,,,,,,,,,,,,,,,,,,,,,,,,,,,,,,,,,103143118.518145,98760155.1824416,106443770.450965,108364483.031532,112182578.766714,136146834.044654,148509524.328834,149377920.391303,158302897.859019,180622637.054082,198194415.855121,213213858.417892,236958226.731097,249317857.721972,249082049.749136,280725864.094018,319659486.050154,354735603.012361,398225546.643042,419254385.436862,432921297.799503,456239726.189762,494146794.320676,514531490.051468,,
North Macedonia,MKD,"International tourism, number of departures",ST.INT.DPRT,,,,,,,,,,,,,,,,,,,,,,,,,,,,,,,,,,,,,,,,,,,,,,,,,,,,,,,,,,,,,
Mali,MLI,"International tourism, number of departures",ST.INT.DPRT,,,,,,,,,,,,,,,,,,,,,,,,,,,,,,,,,,,,,,,,,,,,,,,,,,,,,,,,,,,,,
Malta,MLT,"International tourism, number of departures",ST.INT.DPRT,,,,,,,,,,,,,,,,,,,,,,,,,,,,,,,,,,,,163000,168000,172000,167000,179000,200000,179000,157000,174000,203000,225000,257000,280000,261000,264000,294000,309000,331000,363000,391000,428000,497000,573000,667000,,
Myanmar,MMR,"International tourism, number of departures",ST.INT.DPRT,,,,,,,,,,,,,,,,,,,,,,,,,,,,,,,,,,,,,,,,,,,,,,,,,,,,,,,,,,,,,
Middle East & North Africa (excluding high income),MNA,"International tourism, number of departures",ST.INT.DPRT,,,,,,,,,,,,,,,,,,,,,,,,,,,,,,,,,,,,,,,,,,,,,,,,,,,,,,,,,,,,,
Montenegro,MNE,"International tourism, number of departures",ST.INT.DPRT,,,,,,,,,,,,,,,,,,,,,,,,,,,,,,,,,,,,,,,,,,,,,,,,,,,,,,,,,,,,,
Mongolia,MNG,"International tourism, number of departures",ST.INT.DPRT,,,,,,,,,,,,,,,,,,,,,,,,,,,,,,,,,,,,,,,,,,,,,,,,,,,,,,,,,,,,,
Northern Mariana Islands,MNP,"International tourism, number of departures",ST.INT.DPRT,,,,,,,,,,,,,,,,,,,,,,,,,,,,,,,,,,,,,,,,,,,,,,,,,,,,,,,,,,,,,
Mozambique,MOZ,"International tourism, number of departures",ST.INT.DPRT,,,,,,,,,,,,,,,,,,,,,,,,,,,,,,,,,,,,,,,,,,,,,,,,,,,,,,,,,,,,,
Mauritania,MRT,"International tourism, number of departures",ST.INT.DPRT,,,,,,,,,,,,,,,,,,,,,,,,,,,,,,,,,,,,,,,,,,,,,,,,,,,,,,,,,,,,,
Mauritius,MUS,"International tourism, number of departures",ST.INT.DPRT,,,,,,,,,,,,,,,,,,,,,,,,,,,,,,,,,,,,107000,120000,132000,143000,154000,163000,161000,162000,161000,180000,183000,186000,213000,226000,196000,212000,219000,237000,228000,223000,242000,260000,283000,296000,,
Malawi,MWI,"International tourism, number of departures",ST.INT.DPRT,,,,,,,,,,,,,,,,,,,,,,,,,,,,,,,,,,,,,,,,,,,,,,,,,,,,,,,,,,,,,
Malaysia,MYS,"International tourism, number of departures",ST.INT.DPRT,,,,,,,,,,,,,,,,,,,,,,,,,,,,,,,,,,,,20642000,23333000,26165000,25631000,26067000,30532000,36248000,29866000,32201000,30761000,,,,,,,,,,,,,,,,
North America,NAC,"International tourism, number of departures",ST.INT.DPRT,,,,,,,,,,,,,,,,,,,,,,,,,,,,,,,,,,,,69482144.9446349,71962828.79733,72330781.9040579,73334653.9669784,75580367.7651055,80498740.9498727,77791086.0231906,75769980.9668407,73987416.2109688,81403125.1337733,84599964.3908046,86397500.2952421,89221058.9147056,90704200.6992666,88350754.4032663,89758021.2704454,89676005.7174186,92990634.2873059,94332888.8258662,101722290.115645,106478192.001527,111522148.512675,120739896.521148,118619494.418504,,
Namibia,NAM,"International tourism, number of departures",ST.INT.DPRT,,,,,,,,,,,,,,,,,,,,,,,,,,,,,,,,,,,,,,,,,,,,,,,,,,,,,,,,,,,,,
New Caledonia,NCL,"International tourism, number of departures",ST.INT.DPRT,,,,,,,,,,,,,,,,,,,,,,,,,,,,,,,,,,,,59000,64000,63000,68000,69000,69000,68000,72000,78000,89000,96000,100000,106000,112000,119000,132000,124000,121000,121000,124000,127000,134000,135000,139000,,
Niger,NER,"International tourism, number of departures",ST.INT.DPRT,,,,,,,,,,,,,,,,,,,,,,,,,,,,,,,,,,,,10000,10000,10000,10000,,,,,,,,,,,,,,,,,,,,,,
Nigeria,NGA,"International tourism, number of departures",ST.INT.DPRT,,,,,,,,,,,,,,,,,,,,,,,,,,,,,,,,,,,,,,,,,,,,,,,,,,,,,,,,,,,,,
Nicaragua,NIC,"International tourism, number of departures",ST.INT.DPRT,,,,,,,,,,,,,,,,,,,,,,,,,,,,,,,,,,,,255000,282000,330000,422000,452000,486000,499000,532000,562000,701000,740000,773000,949000,942000,858000,908000,912000,979000,994000,959000,925000,981000,982000,974000,,
Netherlands,NLD,"International tourism, number of departures",ST.INT.DPRT,,,,,,,,,,,,,,,,,,,,,,,,,,,,,,,,,,,,12313000,12807000,12858000,13553000,14184000,13896000,14214000,16719000,16425000,17130000,17039000,16695000,17523000,18399000,18340000,18368000,18560000,18628000,18094000,17928000,18070000,17938000,22095000,22115000,,
Norway,NOR,"International tourism, number of departures",ST.INT.DPRT,,,,,,,,,,,,,,,,,,,,,,,,,,,,,,,,,,,,590000,692000,753000,,2271000,2394000,2348000,2629000,2588000,2960000,3166000,3236000,3395000,,6640000,7590000,8130000,9250000,9280000,9190000,8750000,8030000,8170000,8110000,,
Nepal,NPL,"International tourism, number of departures",ST.INT.DPRT,,,,,,,,,,,,,,,,,,,,,,,,,,,,,,,,,,,,100000,119000,132000,122000,125000,155000,200000,238000,258000,286000,373000,415000,469000,561000,589000,765000,774000,862000,983000,,,,1197000,,,
Nauru,NRU,"International tourism, number of departures",ST.INT.DPRT,,,,,,,,,,,,,,,,,,,,,,,,,,,,,,,,,,,,,,,,,,,,,,,,,,,,,,,,,,,,,
New Zealand,NZL,"International tourism, number of departures",ST.INT.DPRT,,,,,,,,,,,,,,,,,,,,,,,,,,,,,,,,,,,,920000,1093000,1132000,1166000,1185000,1283000,1287000,1293000,1374000,1733000,1872000,1861000,1978000,1967000,1918000,2026000,2096000,2172000,2197000,2276000,2412000,2611000,2853000,3038000,,
OECD members,OED,"International tourism, number of departures",ST.INT.DPRT,,,,,,,,,,,,,,,,,,,,,,,,,,,,,,,,,,,,,,345167518.40468,366254080.748789,379793378.136181,406761015.024295,403541918.991275,409887229.01536,409887229.01536,436699492.210123,464082415.067704,462460472.27652,482976278.810044,487992644.408725,477112115.021571,491935700.379071,497900391.141503,509129746.500212,519721975.177854,538581418.397508,562799483.26033,596453494.656475,631416814.961367,658490080.038815,,
Oman,OMN,"International tourism, number of departures",ST.INT.DPRT,,,,,,,,,,,,,,,,,,,,,,,,,,,,,,,,,,,,,,,,,,,2060000,,,2018000,2248000,2263000,2062000,1645000,1873000,2446000,2888000,3103000,3358000,3838000,4167000,4473000,3350000,,
Other small states,OSS,"International tourism, number of departures",ST.INT.DPRT,,,,,,,,,,,,,,,,,,,,,,,,,,,,,,,,,,,,,,,,,,,,,,,,,,,,,,,,,,,,,
Pakistan,PAK,"International tourism, number of departures",ST.INT.DPRT,,,,,,,,,,,,,,,,,,,,,,,,,,,,,,,,,,,,,,,,,,,,,,,,,,,,,,,,,,,,,
Panama,PAN,"International tourism, number of departures",ST.INT.DPRT,,,,,,,,,,,,,,,,,,,,,,,,,,,,,,,,,,,,185000,188000,194000,211000,221000,216000,200000,200000,227000,256000,285000,284000,314000,369000,336000,392000,414000,447000,619000,853000,740000,770000,917000,681000,,
Peru,PER,"International tourism, number of departures",ST.INT.DPRT,,,,,,,,,,,,,,,,,,,,,,,,,,,,,,,,,,,,508000,510000,577000,538000,513000,730000,1060000,1232000,1433000,1635000,1841000,1857000,1915000,1913000,1891000,2058000,2132000,2296000,2364000,2442000,2595000,2751000,2875000,3078000,,
Philippines,PHL,"International tourism, number of departures",ST.INT.DPRT,,,,,,,,,,,,,,,,,,,,,,,,,,,,,,,,,,,,1615000,2121000,1930000,1817000,1755000,1670000,1787000,1969000,1803000,1920000,2144000,2745000,3066000,3355000,3188000,,,,,3488000,5115000,5703000,,,,
Palau,PLW,"International tourism, number of departures",ST.INT.DPRT,,,,,,,,,,,,,,,,,,,,,,,,,,,,,,,,,,,,,,,9000,,,,,,,,,,,,,,,,,,,,,,
Papua New Guinea,PNG,"International tourism, number of departures",ST.INT.DPRT,,,,,,,,,,,,,,,,,,,,,,,,,,,,,,,,,,,,51000,,64000,65000,58000,52000,38000,92000,,,,,,,,,,,,,,,,,,
Poland,POL,"International tourism, number of departures",ST.INT.DPRT,,,,,,,,,,,,,,,,,,,,,,,,,,,,,,,,,,,,,,,,,,,,,,6200000,7300000,6900000,7600000,6300000,7100000,6300000,9300000,10050000,10300000,10900000,11300000,12000000,12800000,,
Pre-demographic dividend,PRE,"International tourism, number of departures",ST.INT.DPRT,,,,,,,,,,,,,,,,,,,,,,,,,,,,,,,,,,,,,,,,,,,,,,,,,,,,,,,,,,,,,
Puerto Rico,PRI,"International tourism, number of departures",ST.INT.DPRT,,,,,,,,,,,,,,,,,,,,,,,,,,,,,,,,,,,,1237000,1184000,1251000,1250000,1134000,1259000,1331000,1227000,1272000,1361000,1410000,1468000,1441000,1438000,1116000,980000,924000,876000,839000,793000,746000,789000,792000,,,
"Korea, Dem. Peopleâ€™s Rep.",PRK,"International tourism, number of departures",ST.INT.DPRT,,,,,,,,,,,,,,,,,,,,,,,,,,,,,,,,,,,,,,,,,,,,,,,,,,,,,,,,,,,,,
Portugal,PRT,"International tourism, number of departures",ST.INT.DPRT,,,,,,,,,,,,,,,,,,,,,,,,,,,,,,,,,,,,,,,,,,,,,,,,,,,,,1361000,1490000,1502000,1893000,1941000,2195000,2486000,,
Paraguay,PRY,"International tourism, number of departures",ST.INT.DPRT,,,,,,,,,,,,,,,,,,,,,,,,,,,,,,,,,,,,427000,418000,369000,318000,281000,175000,157000,141000,153000,170000,188000,210000,242000,278000,288000,302000,347000,400000,440000,426000,1008000,1503000,1548000,1266000,,
West Bank and Gaza,PSE,"International tourism, number of departures",ST.INT.DPRT,,,,,,,,,,,,,,,,,,,,,,,,,,,,,,,,,,,,,,,,,,,,,,,,,,,,,,,,,,,,,
Pacific island small states,PSS,"International tourism, number of departures",ST.INT.DPRT,,,,,,,,,,,,,,,,,,,,,,,,,,,,,,,,,,,,,,,,,,,,,,,,,,,,,,,,,,,,,
Post-demographic dividend,PST,"International tourism, number of departures",ST.INT.DPRT,,,,,,,,,,,,,,,,,,,,,,,,,,,,,,,,,,,,,,380477370.353321,398916245.556315,416448574.943267,455223393.713274,455768909.399161,465863311.127828,460906439.159534,493319820.481291,521734016.205755,521670759.247994,549311706.938955,555694154.129009,547222307.872217,562535137.540028,572864092.353116,583273148.023201,593784077.756766,606784918.441403,632956076.540651,668714626.83064,704095025.473462,730981567.134786,,
French Polynesia,PYF,"International tourism, number of departures",ST.INT.DPRT,,,,,,,,,,,,,,,,,,,,,,,,,,,,,,,,,,,,63000,65000,,,,,,,,,,,,,88000,89000,84000,83000,,48000,55000,48000,55000,47000,,
Qatar,QAT,"International tourism, number of departures",ST.INT.DPRT,,,,,,,,,,,,,,,,,,,,,,,,,,,,,,,,,,,,,,,,,,,,,,,,,,,,,,,,,,,,,
Romania,ROU,"International tourism, number of departures",ST.INT.DPRT,,,,,,,,,,,,,,,,,,,,,,,,,,,,,,,,,,,,5737000,5748000,6243000,6893000,6274000,6388000,6408000,5757000,6497000,6972000,7140000,8906000,10980000,13072000,11723000,10905000,10936000,11149000,11364000,12299000,13118000,16128000,19953000,21039000,,
Russian Federation,RUS,"International tourism, number of departures",ST.INT.DPRT,,,,,,,,,,,,,,,,,,,,,,,,,,,,,,,,,,,,21329000,12260000,11182000,10635000,12631000,18371000,18030000,20428000,20572000,24507000,28416000,29107000,34285000,36538000,34276000,39323000,43726000,47813000,54069000,45889000,34550000,31659000,39629000,41964000,,
Rwanda,RWA,"International tourism, number of departures",ST.INT.DPRT,,,,,,,,,,,,,,,,,,,,,,,,,,,,,,,,,,,,,,,,,,,,,,,,,,,,,,,,,,,,,
South Asia,SAS,"International tourism, number of departures",ST.INT.DPRT,,,,,,,,,,,,,,,,,,,,,,,,,,,,,,,,,,,,5104212.17752535,5666330.19265309,5968835.46987043,6185555.66847389,6639313.5842999,7071625.23047243,7207075.3545996,7801927.14972473,8610112.89035016,9938652.85783077,11433119.2273672,12873405.5472527,15286675.258785,15117362.6036261,16943521.7787287,19125115.5531028,20658496.8691903,22014160.8856421,23161348.8390597,25431129.9501325,28138552.8270597,30194692.2477008,32864565.9790369,35959133.4949891,,
Saudi Arabia,SAU,"International tourism, number of departures",ST.INT.DPRT,,,,,,,,,,,,,,,,,,,,,,,,,,,,,,,,,,,,,,,,,,,7896000,4104000,3811000,4403000,2000000,4126000,4087000,6032000,17827000,15281320,18671000,19153960,19824490,20819000,21207000,21146000,21866000,,
Sudan,SDN,"International tourism, number of departures",ST.INT.DPRT,,,,,,,,,,,,,,,,,,,,,,,,,,,,,,,,,,,,195000,,,,,,,,,,,,,,,,,,,,,,,,,
Senegal,SEN,"International tourism, number of departures",ST.INT.DPRT,,,,,,,,,,,,,,,,,,,,,,,,,,,,,,,,,,,,,,,,,,,,,,,,,,,,,,,,,,,,,
Singapore,SGP,"International tourism, number of departures",ST.INT.DPRT,,,,,,,,,,,,,,,,,,,,,,,,,,,,,,,,,,,,2867000,3305000,3671000,3745000,3971000,4444000,4363000,4399000,4221000,5165000,5159000,5533000,6024000,6828000,6961000,7342000,7753000,8048000,8647000,8647000,8903000,9125000,9474000,9889000,,
Solomon Islands,SLB,"International tourism, number of departures",ST.INT.DPRT,,,,,,,,,,,,,,,,,,,,,,,,,,,,,,,,,,,,,,,,,,,,,,,,,,,,,,,,,,,,,
Sierra Leone,SLE,"International tourism, number of departures",ST.INT.DPRT,,,,,,,,,,,,,,,,,,,,,,,,,,,,,,,,,,,,,,6000,7000,13000,13000,20000,27000,13000,28000,63000,67000,71000,73000,72000,76000,99000,104000,111000,93000,61000,92000,110000,112000,,
El Salvador,SLV,"International tourism, number of departures",ST.INT.DPRT,,,,,,,,,,,,,,,,,,,,,,,,,,,,,,,,,,,,,,,,,,,,,,,,,,,999000,1160000,1163000,1166000,1163000,1250000,1411000,1394000,1260000,,
San Marino,SMR,"International tourism, number of departures",ST.INT.DPRT,,,,,,,,,,,,,,,,,,,,,,,,,,,,,,,,,,,,,,,,,,,,,,,,,,,,,,,,,,,,,
Somalia,SOM,"International tourism, number of departures",ST.INT.DPRT,,,,,,,,,,,,,,,,,,,,,,,,,,,,,,,,,,,,,,,,,,,,,,,,,,,,,,,,,,,,,
Serbia,SRB,"International tourism, number of departures",ST.INT.DPRT,,,,,,,,,,,,,,,,,,,,,,,,,,,,,,,,,,,,,,,,,,,,,,,,,,,,,,,,,,,,,
Sub-Saharan Africa (excluding high income),SSA,"International tourism, number of departures",ST.INT.DPRT,,,,,,,,,,,,,,,,,,,,,,,,,,,,,,,,,,,,,,,,,,,,,,,,,,,,,,,,,,,,,
South Sudan,SSD,"International tourism, number of departures",ST.INT.DPRT,,,,,,,,,,,,,,,,,,,,,,,,,,,,,,,,,,,,,,,,,,,,,,,,,,,,,,,,,,,,,
Sub-Saharan Africa,SSF,"International tourism, number of departures",ST.INT.DPRT,,,,,,,,,,,,,,,,,,,,,,,,,,,,,,,,,,,,,,,,,,,,,,,,,,,,,,,,,,,,,
Small states,SST,"International tourism, number of departures",ST.INT.DPRT,,,,,,,,,,,,,,,,,,,,,,,,,,,,,,,,,,,,,,,,,,,,,,,,,,,,,,,,,,,,,
Sao Tome and Principe,STP,"International tourism, number of departures",ST.INT.DPRT,,,,,,,,,,,,,,,,,,,,,,,,,,,,,,,,,,,,,,,,,,,,,,,,,,,,,,,,,,,,,
Suriname,SUR,"International tourism, number of departures",ST.INT.DPRT,,,,,,,,,,,,,,,,,,,,,,,,,,,,,,,,,,,,,,,,,,,,,,,,,,,,,,,,,,,,,
Slovak Republic,SVK,"International tourism, number of departures",ST.INT.DPRT,,,,,,,,,,,,,,,,,,,,,,,,,,,,,,,,,,,,,,,,,,,,,,2987000,3149000,3603000,3683000,3230000,2692000,3285000,2689000,2129000,2406000,2777000,3095000,3870000,,,
Slovenia,SVN,"International tourism, number of departures",ST.INT.DPRT,,,,,,,,,,,,,,,,,,,,,,,,,,,,,,,,,,,,,,,,,1965000,2055000,2127000,2114000,2800000,2660000,2680000,2496000,2459000,2586000,2874000,2722000,2474000,2612000,2642000,2867000,2853000,3013000,3188000,,
Sweden,SWE,"International tourism, number of departures",ST.INT.DPRT,,,,,,,,,,,,,,,,,,,,,,,,,,,,,,,,,,,,10127000,10390000,10818000,11422000,10500000,10147000,10741000,12888000,12649000,13950000,15677000,12559000,12692000,13291000,11699000,13042000,14651000,15548000,15917000,,,,21232000,,,
Eswatini,SWZ,"International tourism, number of departures",ST.INT.DPRT,,,,,,,,,,,,,,,,,,,,,,,,,,,,,,,,,,,,,,,,,,,,,,1082000,1072000,1130000,1177000,1245000,1141000,1264000,1403000,1573000,1657000,1713000,1789000,1751000,1717000,,
Sint Maarten (Dutch part),SXM,"International tourism, number of departures",ST.INT.DPRT,,,,,,,,,,,,,,,,,,,,,,,,,,,,,,,,,,,,,,,,,,,,,,,,,,,,,,,,,,,,,
Seychelles,SYC,"International tourism, number of departures",ST.INT.DPRT,,,,,,,,,,,,,,,,,,,,,,,,,,,,,,,,,,,,31000,29000,30000,31000,32000,36000,41000,53000,50000,48000,52000,55000,58000,54000,49000,59000,48000,45000,47000,50000,56000,68000,74000,72000,,
Syrian Arab Republic,SYR,"International tourism, number of departures",ST.INT.DPRT,,,,,,,,,,,,,,,,,,,,,,,,,,,,,,,,,,,,1746000,1871000,2299000,2411000,2994000,3863000,3492000,3299000,3997000,4309000,4564000,4042000,4196000,5253000,5215000,6259000,,,,,,,,,,
Turks and Caicos Islands,TCA,"International tourism, number of departures",ST.INT.DPRT,,,,,,,,,,,,,,,,,,,,,,,,,,,,,,,,,,,,,,,,,,,,,,,,,,,,,,,,,,,,,
Chad,TCD,"International tourism, number of departures",ST.INT.DPRT,,,,,,,,,,,,,,,,,,,,,,,,,,,,,,,,,,,,,,,,,,,,,,,,,58000,66000,39000,76000,79000,,,,56000,52000,,,
East Asia & Pacific (IDA & IBRD countries),TEA,"International tourism, number of departures",ST.INT.DPRT,,,,,,,,,,,,,,,,,,,,,,,,,,,,,,,,,,,,18741021.5749075,21204832.3326914,22985774.5020699,24425277.1209305,25360548.0039409,29172516.0927387,34054912.0916784,33625084.6244344,37325547.9017585,42606235.5382051,46259022.4619531,52483256.9382696,61256073.1450348,67107954.3511484,68801001.0215601,83096254.5053405,98955094.1773124,115589075.063509,135039428.488277,157724133.751546,172853201.374673,183823934.603881,194998127.266885,205242442.921186,,
Europe & Central Asia (IDA & IBRD countries),TEC,"International tourism, number of departures",ST.INT.DPRT,,,,,,,,,,,,,,,,,,,,,,,,,,,,,,,,,,,,57264720.0773654,43945948.0949923,49004300.7441579,46540869.5866332,47643046.3117696,65959411.9487219,68977710.8802934,72605814.3986146,74971076.5321379,86164072.9306315,94375280.9991619,101137271.50823,107987158.261451,114554465.806979,109946098.045848,117384256.310305,131333485.401608,144082171.260791,160599773.826263,152096463.651579,142535401.183866,144988766.48092,167148876.803953,178269340.627619,,
Togo,TGO,"International tourism, number of departures",ST.INT.DPRT,,,,,,,,,,,,,,,,,,,,,,,,,,,,,,,,,,,,,,,,,,,,,,,,,,,,,,,,,,,,,
Thailand,THA,"International tourism, number of departures",ST.INT.DPRT,,,,,,,,,,,,,,,,,,,,,,,,,,,,,,,,,,,,1820000,1845000,1660000,1412000,1655000,1909000,2011000,2250000,2152000,2709000,3047000,3382000,4018000,3908000,4653000,5451000,5397000,5721000,5970000,6444000,6794000,8204000,8963000,9966000,,
Tajikistan,TJK,"International tourism, number of departures",ST.INT.DPRT,,,,,,,,,,,,,,,,,,,,,,,,,,,,,,,,,,,,,,,,4100,6400,2700,,,,,,,,,,,15000,15000,19000,16000,22000,31000,31000,,
Turkmenistan,TKM,"International tourism, number of departures",ST.INT.DPRT,,,,,,,,,,,,,,,,,,,,,,,,,,,,,,,,,,,,21000,29000,31000,357000,,78000,111000,79000,34000,32000,33000,33000,38000,,,,,,,,,,,,,
Latin America & the Caribbean (IDA & IBRD countries),TLA,"International tourism, number of departures",ST.INT.DPRT,,,,,,,,,,,,,,,,,,,,,,,,,,,,,,,,,,,,22149557.791827,24831451.4417592,25525784.5216899,27194813.1316614,26950204.3033425,28965098.419402,29429137.0788211,27257133.2836848,27549185.5868157,30783394.4251909,33380496.5726621,35259836.6397073,39021933.7557377,39823599.6401872,39365289.7810961,42746099.5922341,48175423.5245702,51887494.8255558,53959581.5996331,57799227.9126325,61563465.5140772,65151060.791195,68050792.3804981,68127212.2050539,,
Timor-Leste,TLS,"International tourism, number of departures",ST.INT.DPRT,,,,,,,,,,,,,,,,,,,,,,,,,,,,,,,,,,,,,,,,,,,,,,,,,,,,,,,,,,,,,
Middle East & North Africa (IDA & IBRD countries),TMN,"International tourism, number of departures",ST.INT.DPRT,,,,,,,,,,,,,,,,,,,,,,,,,,,,,,,,,,,,,,,,,,,,,,,,,,,,,,,,,,,,,
Tonga,TON,"International tourism, number of departures",ST.INT.DPRT,,,,,,,,,,,,,,,,,,,,,,,,,,,,,,,,,,,,,,,,,,,,,,,,,,,,,,,,,,,,,
South Asia (IDA & IBRD),TSA,"International tourism, number of departures",ST.INT.DPRT,,,,,,,,,,,,,,,,,,,,,,,,,,,,,,,,,,,,5104212.17752535,5666330.19265309,5968835.46987043,6185555.66847389,6639313.5842999,7071625.23047243,7207075.3545996,7801927.14972473,8610112.89035016,9938652.85783077,11433119.2273672,12873405.5472527,15286675.258785,15117362.6036261,16943521.7787287,19125115.5531028,20658496.8691903,22014160.8856421,23161348.8390597,25431129.9501325,28138552.8270597,30194692.2477008,32864565.9790369,35959133.4949891,,
Sub-Saharan Africa (IDA & IBRD countries),TSS,"International tourism, number of departures",ST.INT.DPRT,,,,,,,,,,,,,,,,,,,,,,,,,,,,,,,,,,,,,,,,,,,,,,,,,,,,,,,,,,,,,
Trinidad and Tobago,TTO,"International tourism, number of departures",ST.INT.DPRT,,,,,,,,,,,,,,,,,,,,,,,,,,,,,,,,,,,,261000,248000,,,,,,,,,,,,,270000,273000,,,,,,,,,,
Tunisia,TUN,"International tourism, number of departures",ST.INT.DPRT,,,,,,,,,,,,,,,,,,,,,,,,,,,,,,,,,,,,1778000,1428000,1381000,1526000,1480000,1632000,1669000,1939000,2274000,2312000,2241000,2302000,2743000,3118000,2623000,2250000,2303000,2897000,2873000,2637000,,1830000,,2515000,,
Turkey,TUR,"International tourism, number of departures",ST.INT.DPRT,,,,,,,,,,,,,,,,,,,,,,,,,,,,,,,,,,,,3981000,4261000,4633000,4601000,4758000,5284000,4856000,5131000,5928000,7299000,8246000,8275000,4956000,4893000,5561000,6557000,6282000,5803000,7526000,7982000,8751000,7892000,8887000,8383000,,
Tuvalu,TUV,"International tourism, number of departures",ST.INT.DPRT,,,,,,,,,,,,,,,,,,,,,,,,,,,,,,,,,,,,,,,1900,2200,2900,2800,2700,2600,2300,2200,2000,2400,,,,2100,,,,,,,,,
Tanzania,TZA,"International tourism, number of departures",ST.INT.DPRT,,,,,,,,,,,,,,,,,,,,,,,,,,,,,,,,,,,,157000,148000,,,,,,,,,,,,,,,,,,,,,,,,
Uganda,UGA,"International tourism, number of departures",ST.INT.DPRT,,,,,,,,,,,,,,,,,,,,,,,,,,,,,,,,,,,,,,148000,241000,327000,153000,152000,184000,189000,231000,189000,254000,272000,337000,311000,324000,367000,469000,471000,511000,523000,568000,,,,
Ukraine,UKR,"International tourism, number of departures",ST.INT.DPRT,,,,,,,,,,,,,,,,,,,,,,,,,,,,,,,,,,,,6552000,6004000,9632000,7773000,7399000,13422000,14849000,14729000,14795000,15588000,16454000,16875000,17335000,15499000,15334000,17180000,19773000,21433000,23761000,22438000,23142000,24668000,26437000,27811000,,
Upper middle income,UMC,"International tourism, number of departures",ST.INT.DPRT,,,,,,,,,,,,,,,,,,,,,,,,,,,,,,,,,,,,67341521.0543829,64111541.0753713,67013795.8356063,69707485.9023735,72479855.0019437,85954750.267841,94026348.866229,93997259.3531169,100125307.768395,115619931.804517,126685701.674634,136732909.961575,151950736.264517,163051063.806415,163527170.148242,186683510.12098,212994302.06832,237477586.595507,267472038.769231,283722496.669973,288755917.787035,303153424.630871,329890505.04105,338850617.463987,,
Uruguay,URY,"International tourism, number of departures",ST.INT.DPRT,,,,,,,,,,,,,,,,,,,,,,,,,,,,,,,,,,,,,,562000,654000,778000,667000,531000,530000,495000,569000,658000,666000,635000,734000,826000,1027000,1534000,1816000,2281000,2396000,2217000,1715000,1789000,1947000,,
United States,USA,"International tourism, number of departures",ST.INT.DPRT,,,,,,,,,,,,,,,,,,,,,,,,,,,,,,,,,,,,51285000,52999000,53229000,55696000,57222000,61327000,59442000,58066000,56250000,61809000,63503000,63663000,64049000,63653000,62130000,61061000,59209000,60697000,61344000,68185000,74191000,80223000,87657000,92564000,,
Uzbekistan,UZB,"International tourism, number of departures",ST.INT.DPRT,,,,,,,,,,,,,,,,,,,,,,,,,,,,,,,,,,,,,,,,,,,,,,,,,,,,,,,,,,,,,
St. Vincent and the Grenadines,VCT,"International tourism, number of departures",ST.INT.DPRT,,,,,,,,,,,,,,,,,,,,,,,,,,,,,,,,,,,,,,,,,,,,,,,,,,,,,,,,,,,,,
"Venezuela, RB",VEN,"International tourism, number of departures",ST.INT.DPRT,,,,,,,,,,,,,,,,,,,,,,,,,,,,,,,,,,,,534000,511000,460000,752000,754000,954000,933000,881000,832000,816000,1067000,1095000,1410000,1745000,1651000,1477000,1719000,1734000,1931000,1589000,1539000,1530000,1079000,,,
British Virgin Islands,VGB,"International tourism, number of departures",ST.INT.DPRT,,,,,,,,,,,,,,,,,,,,,,,,,,,,,,,,,,,,,,,,,,,,,,,171000,166000,166000,140000,151000,145000,139000,,,,,,,,
Virgin Islands (U.S.),VIR,"International tourism, number of departures",ST.INT.DPRT,,,,,,,,,,,,,,,,,,,,,,,,,,,,,,,,,,,,,,,,,,,,,,,,,,,,,,,,,,,,,
Vietnam,VNM,"International tourism, number of departures",ST.INT.DPRT,,,,,,,,,,,,,,,,,,,,,,,,,,,,,,,,,,,,,,,,,,,,,,,,,,,,,,,,,,,,,
Vanuatu,VUT,"International tourism, number of departures",ST.INT.DPRT,,,,,,,,,,,,,,,,,,,,,,,,,,,,,,,,,,,,11000,11000,11000,12000,12000,12000,11000,11000,12000,13000,14000,15000,16000,19000,20000,21000,22000,23000,26000,26000,27000,25000,28000,29000,,
World,WLD,"International tourism, number of departures",ST.INT.DPRT,,,,,,,,,,,,,,,,,,,,,,,,,,,,,,,,,,,,,,604182814.911812,634109562.777425,662451603.030363,733379367.635996,747504595.322586,759742680.195484,761223070.060588,832116472.489411,888806889.891517,907657148.813079,975023960.358594,1002483620.84611,988549692.408599,1073419847.66532,1121785186.25625,1179078185.12644,1237552110.02009,1283554402.44012,1336347111.14063,1412965845.84501,1504553382.63909,1563555557.74832,,
Samoa,WSM,"International tourism, number of departures",ST.INT.DPRT,,,,,,,,,,,,,,,,,,,,,,,,,,,,,,,,,,,,,,,,58000,61000,56000,53000,51000,54000,52000,51000,52000,53000,43000,56000,57000,56000,51000,57000,54000,,55000,64000,,
Kosovo,XKX,"International tourism, number of departures",ST.INT.DPRT,,,,,,,,,,,,,,,,,,,,,,,,,,,,,,,,,,,,,,,,,,,,,,,,,,,,,,,,,,,,,
"Yemen, Rep.",YEM,"International tourism, number of departures",ST.INT.DPRT,,,,,,,,,,,,,,,,,,,,,,,,,,,,,,,,,,,,,,,,,,,,,,,,,,,,,,,,,,,,,
South Africa,ZAF,"International tourism, number of departures",ST.INT.DPRT,,,,,,,,,,,,,,,,,,,,,,,,,,,,,,,,,,,,,,,,,,,,,,,,,,,,,,,,,,,,,
Zambia,ZMB,"International tourism, number of departures",ST.INT.DPRT,,,,,,,,,,,,,,,,,,,,,,,,,,,,,,,,,,,,,,,,,,,,,,,,,,,,,,,,,,,,,
Zimbabwe,ZWE,"International tourism, number of departures",ST.INT.DPRT,,,,,,,,,,,,,,,,,,,,,,,,,,,,,,,,,,,,256000,69000,123000,213000,331000,,,,386000,498000,474000,541000,547000,593000,631000,650000,693000,720000,2946000,3182000,3393000,3192000,2768000,2987000,,
